Keywords,,,,,,,,,,fortnite
minecraft,,,,,,,,,,pubg
halo,,,,,,,,,,pokemon
red dead redemption,,,,,,,,,,pokemon go
batman: arkham city,,,,,,,,,,super mario
Portal 2,,,,,,,,,,league of legends
mass effect,,,,,,,,,,among us
dishonored,,,,,,,,,,temple run
super smash bros,,,,,,,,,,subway surfer
dark souls,,,,,,,,,,agar.io
mario kart,,,,,,,,,,slither.io
bloodborne,,,,,,,,,,
flappy bird,,,,,,,,,,
animal crossing,,,,,,,,,,
tetris,,,,,,,,,,
dota,,,,,,,,,,
valorant,,,,,,,,,,
fall guys,,,,,,,,,,
GTA 5,,,,,,,,,,
CSGO,,,,,,,,,,
Horizon Zero Dawn,,,,,,,,,,
Ghost Recon,,,,,,,,,,
roblox,,,,,,,,,,
apex legends,,,,,,,,,,
